{
  "auc": 0.56494,
  "logloss": 0.69435,
  "brier": 0.25048
}